Workbook

Sheet README
A1: BridgeIT-Data — RAG evaluation set (Phase 0)
A3: Purpose: 50–100 real questions staff ask about the archive, each with the exact place the answer lives. Every parser, chunker, model or ranking change is measured against this sheet before it ships.
A5: How to fill it in (sheet 'Questions'):
A6: • Yellow cells are yours to fill. Blue text = example values — overwrite them.
A7: • One row per question. Write the question exactly as a colleague would type it, not cleaned up.
A8: • 'Expected source' must be a concrete location: file path + page/sheet/row, repo + file + method, or mailbox + subject + date.
A9: • 'Expected answer snippet' is the verbatim text that proves the answer — this is what 'exact retrieval' is measured against.
A10: • 'Query type' picks the retrieval skill under test: Exact-ID (an invoice/project/class name), Keyword, Semantic (paraphrased), Table-lookup (a value in Excel), Code (how is X implemented), Email (who said what when), Cross-source.
A11: • Aim for the mix in sheet 'Coverage' — it updates itself from your rows.
A13: Scoring (sheet 'Runs'): for each run of the system, record per question whether the expected source was in the top-5 hits (Hit@5), its rank, and whether the returned snippet matched the expected text (Exact). Summary formulas compute Recall@5, MRR and Exact-match rate.
A15: Sources of questions worth mining: support tickets, onboarding questions from new joiners, 'does anyone remember…' emails, and the last 10 things you personally had to dig for.

Sheet Questions
A1: ID | B1: Question (verbatim) | C1: Query type | D1: Source type | E1: Project / domain | F1: Year | G1: Expected source (path/page/sheet/row/repo/method/mail) | H1: Expected answer snippet (verbatim) | I1: Difficulty | J1: Who asked / owner | K1: Notes
A2: Q001 | B2: Where is the interface spec for the 2016 AS/400 order sync, and which library file does it write to? | C2: Exact-ID | D2: PDF | E2: ProjB order sync | F2: 2016 | G2: \\archive\ProjB_2016\specs\AS400_OrderSync_IF_v3.pdf, page 12, section 4.2 | H2: The sync writes to library PRDLIB file ORDHDR via program SYNCORD01 | I2: Medium | J2: Vemuri | K2: Answer must name the exact library/file, not a paraphrase
A3: Q002 | B3: What commission rate did we agree for reseller tier 2 in the 2019 FinTech contract? | C3: Table-lookup | D3: Excel | E3: FinTech | F3: 2019 | G3: \\archive\FinTech_2019\commercial\Commission_Matrix_final.xlsx, sheet 'Tier Rates', row 14 | H3: Tier 2 | 3.75% | effective 01-Apr-2019 | I3: Hard | J3: Finance | K3: Value lives in a cell; paraphrase is a fail
A4: Q003 | B4: Which stored procedure recalculates invoice totals when a credit note is applied? | C4: Code | D4: Code | E4: Billing platform | F4: 2021 | G4: repo billing-core, db/procs/usp_ApplyCreditNote.sql, lines 40–75 | H4: EXEC usp_RecalcInvoiceTotals @InvoiceId | I4: Medium | J4: Dev team | K4: Expect the proc name and the calling proc
A5: Q004 | B5: Who at the client approved the go-live date for release 2.3 and when? | C5: Email | D5: Email | E5: ProjC | F5: 2022 | G5: Gmail, thread 'Re: Release 2.3 go-live confirmation', message from j.doe@client.com dated 2022-11-03 | H5: Confirmed — go-live approved for Monday 14 Nov | I5: Medium | J5: PM | K5: Needs sender + date, thread-level retrieval
A6: Q005 | B6: How does the Angular admin app handle session timeout? | C6: Semantic | D6: Code | E6: EV admin portal | F6: 2024 | G6: repo admin-ui, src/app/core/auth/session-timeout.interceptor.ts, class SessionTimeoutInterceptor | H6: if (err.status === 401) { this.auth.logoutAndRedirect('timeout'); } | I6: Easy | J6: Frontend | K6: Paraphrased question — tests semantic recall on code
A7: Q006
A8: Q007
A9: Q008
A10: Q009
A11: Q010
A12: Q011
A13: Q012
A14: Q013
A15: Q014
A16: Q015
A17: Q016
A18: Q017
... A101: Q100

Sheet Coverage
A1: Coverage of the question set (auto-updates)
A3: Query type | B3: Count | C3: Share | D3: Target share
A4: Exact-ID | B4: =COUNTIF(Questions!$C$2:$C$101,A4) -> 1 | C4: =IF($B$12=0,0,B4/$B$12) -> 0.2 | D4: 0.25
A5: Keyword | B5: =COUNTIF(Questions!$C$2:$C$101,A5) -> 0 | C5: =IF($B$12=0,0,B5/$B$12) -> 0 | D5: 0.15
A6: Semantic | B6: =COUNTIF(Questions!$C$2:$C$101,A6) -> 1 | C6: =IF($B$12=0,0,B6/$B$12) -> 0.2 | D6: 0.15
A7: Table-lookup | B7: =COUNTIF(Questions!$C$2:$C$101,A7) -> 1 | C7: =IF($B$12=0,0,B7/$B$12) -> 0.2 | D7: 0.15
A8: Code | B8: =COUNTIF(Questions!$C$2:$C$101,A8) -> 1 | C8: =IF($B$12=0,0,B8/$B$12) -> 0.2 | D8: 0.15
A9: Email | B9: =COUNTIF(Questions!$C$2:$C$101,A9) -> 1 | C9: =IF($B$12=0,0,B9/$B$12) -> 0.2 | D9: 0.1
A10: Cross-source | B10: =COUNTIF(Questions!$C$2:$C$101,A10) -> 0 | C10: =IF($B$12=0,0,B10/$B$12) -> 0 | D10: 0.05
A12: Total questions | B12: =COUNTA(Questions!$B$2:$B$101) -> 5
A14: Source type | B14: Count
A15: PDF | B15: =COUNTIF(Questions!$D$2:$D$101,A15) -> 1
A16: Word | B16: =COUNTIF(Questions!$D$2:$D$101,A16) -> 0
A17: Excel | B17: =COUNTIF(Questions!$D$2:$D$101,A17) -> 1
A18: PowerPoint | B18: =COUNTIF(Questions!$D$2:$D$101,A18) -> 0
A19: Email | B19: =COUNTIF(Questions!$D$2:$D$101,A19) -> 1
A20: Code | B20: =COUNTIF(Questions!$D$2:$D$101,A20) -> 2
A21: Database | B21: =COUNTIF(Questions!$D$2:$D$101,A21) -> 0
A22: Image/scan | B22: =COUNTIF(Questions!$D$2:$D$101,A22) -> 0
A23: Other | B23: =COUNTIF(Questions!$D$2:$D$101,A23) -> 0
A26: Target shares are a starting suggestion (blue = editable); weight toward Exact-ID because that is the stated requirement.

Sheet Runs
A1: Scoring runs — one block of three columns per run. Fill Hit@5 (1/0), Rank (1–5 or blank), Exact (1/0).
A2: Run label → | C2: Baseline (RAGFlow default) | F2: Hybrid + rerank | I2: Custom chunkers
A3: ID | B3: Question | C3: Hit@5 | D3: Rank | E3: Exact | F3: Hit@5 | G3: Rank | H3: Exact | I3: Hit@5 | J3: Rank | K3: Exact
A4: =Questions!A2 -> Q001 | B4: =IF(Questions!B2="","",Questions!B2) -> Where is the interface spec for the 2016 AS/400 order sync, and which library file does it write to?
A5: =Questions!A3 -> Q002 | B5: =IF(Questions!B3="","",Questions!B3) -> What commission rate did we agree for reseller tier 2 in the 2019 FinTech contract?
A6: =Questions!A4 -> Q003 | B6: =IF(Questions!B4="","",Questions!B4) -> Which stored procedure recalculates invoice totals when a credit note is applied?
A7: =Questions!A5 -> Q004 | B7: =IF(Questions!B5="","",Questions!B5) -> Who at the client approved the go-live date for release 2.3 and when?
A8: =Questions!A6 -> Q005 | B8: =IF(Questions!B6="","",Questions!B6) -> How does the Angular admin app handle session timeout?
A9: =Questions!A7 -> Q006 | B9: =IF(Questions!B7="","",Questions!B7)
A10: =Questions!A8 -> Q007 | B10: =IF(Questions!B8="","",Questions!B8)
A11: =Questions!A9 -> Q008 | B11: =IF(Questions!B9="","",Questions!B9)
A12: =Questions!A10 -> Q009 | B12: =IF(Questions!B10="","",Questions!B10)
A13: =Questions!A11 -> Q010 | B13: =IF(Questions!B11="","",Questions!B11)
A14: =Questions!A12 -> Q011 | B14: =IF(Questions!B12="","",Questions!B12)
A15: =Questions!A13 -> Q012 | B15: =IF(Questions!B13="","",Questions!B13)
... A103: =Questions!A101 -> Q100 | B103: =IF(Questions!B101="","",Questions!B101)
A106: Recall@5 | C106: =IF(COUNT(C4:C103)=0,0,SUM(C4:C103)/COUNT(C4:C103)) -> 0 | F106: =IF(COUNT(F4:F103)=0,0,SUM(F4:F103)/COUNT(F4:F103)) -> 0 | I106: =IF(COUNT(I4:I103)=0,0,SUM(I4:I103)/COUNT(I4:I103)) -> 0
A107: MRR | C107: =IF(COUNT(C4:C103)=0,0,SUMPRODUCT((D4:D103>0)/IF(D4:D103>0,D4:D103,1))/COUNT(C4:C103)) -> 0 | F107: =IF(COUNT(F4:F103)=0,0,SUMPRODUCT((G4:G103>0)/IF(G4:G103>0,G4:G103,1))/COUNT(F4:F103)) -> 0 | I107: =IF(COUNT(I4:I103)=0,0,SUMPRODUCT((J4:J103>0)/IF(J4:J103>0,J4:J103,1))/COUNT(I4:I103)) -> 0
A108: Exact-match rate | C108: =IF(COUNT(E4:E103)=0,0,SUM(E4:E103)/COUNT(E4:E103)) -> 0 | F108: =IF(COUNT(H4:H103)=0,0,SUM(H4:H103)/COUNT(H4:H103)) -> 0 | I108: =IF(COUNT(K4:K103)=0,0,SUM(K4:K103)/COUNT(K4:K103)) -> 0
A109: Questions scored | C109: =COUNT(C4:C103) -> 0 | F109: =COUNT(F4:F103) -> 0 | I109: =COUNT(I4:I103) -> 0
A111: MRR = mean of 1/rank over scored questions (0 when not found). Recall@5 = share with Hit@5 = 1. Exact = returned snippet contains the expected text verbatim.

Sheet Parser tests
A1: Sample file (from samples.csv / mbox_samples.csv / code_samples.csv) | B1: Family | C1: Hazard | D1: Docling result | E1: RAGFlow DeepDoc result | F1: Tables kept? | G1: Text exact? | H1: Winner | I1: Notes
A2: \\archive\ProjB_2016\specs\AS400_OrderSync_IF_v3.pdf | B2: pdf | C2: scanned | D2: OK (OCR) | E2: OK | F2: Yes | G2: Yes | H2: Docling | I2: Table on p.12 read correctly by both; Docling kept column headers
